Brand,Generic
Abilify,Aripiprazole
Actigall,Ursodiol
Adderall,Amphetamine/Dextroamphetamine
Aldactazide,Spironolactone/Hydrochlorothiazide
Aldactone,Spironolactone
Aloxi,Palonosetron
Alvesco,Ciclesonide
Ambisome,Amphotericin B liposome
Amicar,Aminocaproic acid
Ancef,Cefazolin
Aristada,Aripiprazole (injection)
Atarax,Hydroxyzine
Ativan,Lorazepam
Augmentin,Amoxicillin and clavulanate potassium
Avastin,Bevacizumab
Bactrim,Sulfamethoxazole/Trimethoprim
Bactroban,Mupirocin
Banzel,Rufinamide
Benadryl,Diphenhydramine
Betadine,Povidone-iodine
Beyfortus,Nirsevimab (RSV immunization)
Bicitra,Sodium Citrate/Citric Acid
BiDil,Hydralazine/Isosorbide dinitrate
Brilinta,Ticagrelor
Bumex,Bumetanide
BuSpar,Buspirone
Caplyta,Lumateperone
Cardizem,Diltiazem
Carnitor,Levocarnitine
Catapres,Clonidine
Celexa,Citalopram
CellCept,Mycophenolate mofetil
Cleocin,Clindamycin
Cogentin,Benztropine
Compazine,Prochlorperazine
Concerta,Methylphenidate
Coreg,Carvedilol
Coumadin,Warfarin
Cozaar,Losartan
Creon,Pancrelipase
Crestor,Rosuvastatin
Culturelle,Lactobacillus rhamnosus GG
Curosurf,Poractant alfa systemic (pulmonary surfactant)
Cuvposa,Glycopyrrolate
Cymbalta,Duloxetine
Cytotec,Misoprostol
Cytoxan,Cyclophosphamide
Decadron,Dexamethasone
Deltasone,Prednisone
Depakote,Divalproex sodium
Desferal,Deferoxamine
Desitin,Zinc oxide-cod liver oil
Diamox,Acetazolamide
Diastat,Diazepam rectal gel
Differin,Adapalene
Dilantin,Phenytoin
Dilaudid,Hydromorphone
Diprivan,Propofol (“Prop” pronounced like row with p’s on both ends)
Ditropan,Oxybutynin
Diuril,Chlorothiazide
Dolophine,Methadone
DuoNeb,Albuterol/Ipratropium
Dupixent,Dupilumab
Effer-K,Potassium bicarbonate
Effexor,Venlafaxine
Effient,Prasugrel
Emend,Aprepitant
Engerix-B,Hepatitis B vaccine
Entresto,Sacubitril/Valsartan
Epidiolex,Cannabidiol (CBD)
Exelon,Rivastigmine
Farxiga,Dapagliflozin
Flagyl,Metronidazole
Flovent,Fluticasone propionate
Focalin,Dexmethylphenidate
Garamycin,Gentamicin
Haldol,Haloperidol
Humalog,Insulin lispro
Imdur,Isosorbide mononitrate
Intuniv,Guanfacine
Invega,Paliperidone
Invega Sustenna,Paliperidone
Jadenu,Deferasirox
Januvia,Sitagliptin
Jardiance,Empagliflozin
Keflex,Cephalexin
Kefzol,Cefazolin
Kenalog,Triamcinolone
Keppra,Levetiracetam
Klonopin,Clonazepam
Kytril,Granisetron
Lamictal,Lamotrigine
Lantus,Insulin glargine
Lasix,Furosemide
Latuda,Lurasidone
Levaquin,Levofloxacin
Levsin,Hyoscyamine
Lexapro,Escitalopram
Librium,Chlordiazepoxide
Lipitor,Atorvastatin
Lopressor,Metoprolol
Lumizyme,Alglucosidase alfa
Lybalvi,Olanzapine/samidorphan
Lyrica,Pregabalin
Macrobid,Nitrofurantoin
MiraLAX,Polyethylene glycol 3350
Motrin,Ibuprofen
Mucomyst,Acetylcysteine
Nayzilam,Intranasal Midazolam
Neffy,Intranasal epinephrine
Norco,Hydrocodone/Acetaminophen
Norcuron,Vecuronium (“Vec”)
Norvasc,Amlodipine
Novolog,Insulin aspart
Ofirmev,Acetaminophen (injectable/IV)
Omnicef,Cefdinir
Omnipen,Ampicillin
Onfi,Clobazam
Orap,Pimozide
Orapred,Prednisolone
Paxil,Paroxetine
Pentacel,"DTaP, Polio, Haemophilus influenzae type b vaccine"
Peridex,Chlorhexidine (mouthwash)
Phenergan,Promethazine
Phytonadione,Vitamin K1
Pitocin,Oxytocin  (“Pit”)
Pittsburgh Paste,"mineral oil, Aquaphor, and cholestyramine powder"
Plaquenil,Hydroxychloroquine
Plavix,Clopidogrel
Precedex,Dexmedetomidine (“Dexmed”)
Prevacid,Lansoprazole
Pristiq,Desvenlafaxine
Procardia,Nifedipine
Provera,Medroxyprogesterone acetate
Protonix,Pantoprazole
Prozac,Fluoxetine
Pulmicort,Budesonide
Pulmozyme,Dornase alfa
Qelbree,Viloxazine
Questran,Cholestyramine
Quillichew,Methylphenidate
Quillivant,Methylphenidate
Reglan,Metoclopramide
Remeron,Mirtazapine
Rhythmol,Propafenone
Ritalin,Methylphenidate
Rituxin,Rituximab
Rocephin,Ceftriaxone
Romazicon,Flumazenil
Roxicodone,Oxycodone
Seroquel,Quetiapine
Siklos,Hydroxyurea
Singulair,Montelukast sodium
Solu-Medrol,Methylprednisolone
Spravato,Esketamine
Sublimaze,Fentanyl
Suboxone,Buprenorphine/Naloxone
Subutex,Buprenorphine
Symbicort,Budesonide/Formoterol
Synthroid,Levothyroxine
Tenex,Guanfacine
Tigan,Trimethobenzamide
Toprol,Metoprolol
Toradol,Ketorolac
Toujeo,Insulin glargine
Trelegy Ellipta,Fluticasone/Umeclidinium/Vilanterol
Trikafta,Elexacaftor/tezacaftor/ivacaftor and ivacaftor
Trileptal,Oxcarbazepine
Trintellix,Vortioxetine
Tylenol,Acetaminophen
Unasyn,Ampicillin/sulbactam
Uzedy,Risperidone
Valium,Diazepam
Valtoco,Intranasal Diazepam
Valtrex,Valacyclovir (also spelled valaciclovir)
Vaxelis,"DTaP, Polio, Haemophilus influenzae type b, Hepatitis B vaccine"
Vaxneuvance,PCV15 pneumococcal vaccine
Veetid,Penicillin V Potassium
Venofer,Iron sucrose
VePesid (VP),Etoposide
Versed,Midazolam
Vesicare,Solifenacin
Vibramycin,Doxycycline
Vimpat,Lacosamide
Vistaril,Hydroxyzine
Vivitrol,Naltrexone
Vraylar,Cariprazine
Vyvanse,Lisdexamfetamine
Wellbutrin,Bupropion
Wellcovorin,Leucovorin
Xanax,Alprazolam
Xarelto,Rivaroxaban
Xopenex,Levalbuterol
Zestril,Lisinopril
Zithromax,Azithromycin
Zofran,Ondansetron
Zoloft,Sertraline
Zometa,Zoledronic acid
Zonegran,Zonisamide
Zosyn,Piperacillin/Tazobactam
Zyprexa,Olanzapine
Zyrtec,Cetirizine