Abbreviation,Meaning
 2/ 2,secondary to
5HT,Serotonin
A&B,Apnea and Bradycardia
A&I,Allergy and Immunology
AAC,Augmentative and Alternative Communication
AAL,Anterior Axillary Line
ABA,Applied Behavioral Analysis
ABC OMI,"Airway, Breathing, Circulation; Oxygen, Monitor, IV access"
ABD,Abdomen
ABD,"Apnea, Bradycardia, Desaturations"
ABG,Arterial Blood Gas
ABPM,Ambulatory Blood Pressure Monitoring
ABR,Autditory Brainstem Response
ACA,Affordable Care Act
ACEI,Angiotensin-Converting Enzyme Inhibitor
ACEs,Adverse Childhood Experiences
ACh,Acetylcholine
ACPA,Anti-Citrullinated Peptide Antibody
ACTH,Adrenocorticotropic Hormone
ADEM,Acute Disseminated Encephalomyelopathy
ADEs,Adverse Drug Events
ADH,Anti-Diuretic Hormone (also AVP)
ADHD,Attention Deficit Hyperactivity Disorder
ADOS,Autism Diagnostic Observation Schedule 
ADTKD,Autosomal Dominant Tubulointerstitial Kidney Disease
AE,Adverse Event
AED,Anti-Epileptic Drug
AF,AFebrile
Afib,Atrial fibrillation
AFO,Ankle-Foot Orthoses
AFOSF,Anterior Fontanel Open Soft and Flat
AFSF,Anterior Fontanel Soft and Flat
AFVSS,"AFebrile, Vital Signs Stable"
AGA,Appropriate for Gestational Age
AGEP,Acute Generalized Exanthematous Pustulosis
AGMA,Anion Gap Metabolic Acidosis
AHO,Albright Hereditary Osteodystrophy
AHRF,Acute Hypoxic Respiratory Failure
AI,Adrenal Insufficiency
AID,Automated Insulin Delivery
AIDS,Acquired Immunodeficiency Syndrome
AIIS,Anterior Inferior Iliac Spine
AIS,Androgen Insensitivity Syndrome
AITFL,Anterior Inferior Tibiofibular Ligament
ALADP,delta-aminolevulinic dehydratase
ALL,Acute Lymphoblastic Leukemia
ALS,Amyotrophic Lateral Sclerosis
AMA,Against Medical Advice
AMR,Antibody Mediated Rejection
ANC,Absolute Neutrophil Count
ANCA,Anti-Neutrophil Cytoplasmic Antibody
ANP,Atrial Natriuretic Peptide
ANS,Autonomic Nervous System
AOC,Ativan On Call
AOCD,Anemia of Chronic Disease
AODA,Alcohol and Other Drug Abuse
AP,Anteroposterior (rays travel anterior to posterior)
APGAR,"Activity, Pulse, Grimace, Appearance, Respiration"
APLAS,Antiphospholipid Antibody Syndrome
APP,Advanced Practice Provider
ARB,Angiotensin Receptor Blocker
ARDS,Acute Respiratory Distress Syndrome
ARF,Acute Renal Failure
AROM,Artificial Rupture of Membrane
ASA,AcetylSalicylic Acid (aspirin)
ASC,Ambulatory Surgery Center
ASCVD,Atherosclerotic Cardiovascular Disease
ASD,Atrial Septal Defect
ASD,Autism Spectrum Disorder
ASIS,Anterior Superior Iliac Spine
ASM,Anti-Seizure Medication
ASQ,Ages and Stages Questionnaire
ATFL,Anterior Tibiofibular Ligament
ATP,Adenosine Triphosphate
ATTEST,"Associated symptoms, Timing, Triggers, Examination Signs, and additional Testing"
AV,Aortic Valve
AV,Atrioventricular
AV node,Atrioventricular node
AVM,Arteriovenous Malformation
AVNRT,Atrioventricular Nodal Re-entry Tachycardia
AVP,Arginine Vasopressin/Vasopressin (also ADH)
AVRT,Atrioventricular Re-entry Tachycardia
AVS,Acute Vestibular Syndrome
AVS,After Visit Summary
AVS,Aortic Valve Stenosis
AWC,AirWay Clearance
β-hCG,β-Human Chorionic Gonadotropin
BBB,Blood-Brain Barrier
BCC,Basal Cell Carcinoma
BCx,Blood Culture
BDNF,Brain-Derived Neurotrophic Factor
BED,Binge Eating Disorder
BEP,Brief Eclectic Psychotherapy
BESD,"Behavioral, Emotional, and Social Difficulties"
BIBA,Brought In By Ambulance
bid,Bis In Die (twice a day)
BIP,Behavior Intervention Plan
BIRDs,Brief potentially Ictal Rhythmic Discharges
BL,Burkitt Lymphoma
BLL,Blood Lead Level
BM&T,Bilateral Myringotomy & Tubes (ear tubes)
BMI,Body Mass Index
BNP,B-Natiuretic Peptide
BP,Blood Pressure
BPA,Bisphenol-A
BPD,Borderline Personality Disorder
BPEWS,Bedside Pediatric Early Warning Signs
BPH,Benign Prostatic Hyperplasia
BPPV,Benign Paroxysmal Positional Vertigo
BRAT,"Bananas, Rice, Apple sauce and Toast (diet)"
BRUE,Brief Resolved Unexplained Event
BSE,Breast Self Exam
BTT,Bilateral Tympanostomy Tubes
BTX,Botulinum Toxin
BUR,Back-Up Rate
BW,Birth Weight
c/b,caused by
c/b,complicated by
c/d/i,clean/dry/intact
c/f,concern for
c/o,complains of
c/s,consult
c/w,consistent with
C1-C7,Cervical vertebrae 1-7
CA,Corrected Age
CAD,Coronary Artery Disease
CAGE,"Cutting down, Annoyance, Guilty, Eye-Opener (alcohol use)"
CAGE-AID,CAGE Adapted to Include Drugs
CAH,Congenital Adrenal Hyperplasia
CAM,Controlled Ankle Motion
Cap,Capillary
CAP,Community-Acquired Pneumonia
CAPD,Cornell Assessment of Pediatric Delirium
CAST,Cardiac Arrhythmia Suppression Trial
CBAVD,Congenital Bilateral Absence of the Vas Deferens
CBC,Complete Blood Count
CBD,Cannabidiol
CBE,Clinical Breast Exam
CBG,Capillary Blood Gas
CBT,Cognitive Behavioral Therapy
CC,Chief Concern/Complaint
CCB,Calcium Channel Blocker
CCHD,Critical Congenital Heart Defects
CCK,Cholecystokinin
CCU,Cardiac Care Unit
CDGP,Constitutional Delay of Growth and Puberty
CDS,Croup Distress Score
CF,Cystic Fibrosis
CFL,CalcaneoFibular Ligament
CFTR,Cystic Fibrosis Transmembrane conductance Regulator
CGRP,Calcitonin Gene-Related Peptide
CHD,Congential Heart Disease
CHD,Coronary Heart Disease
CHF,Congestive Heart Failure
CHG,ChlorHexidine Gluconate
CHI,Concurrent Head Injury
CIB,Carnation Instant Breakfast
CIC,Clean Intermittent Catheterization
CIS,Culture If Spikes (get a blood culture for fevers)
CIT,Crisis Intervention Team
CIWA,Clinical Instrument Withdrawal Assessment
CJD,Creutzfeldt-Jakob Disease
CKD,Chronic Kidney Disease
CKD-MBD,Chronic Kidney Disease with Mineral and Bone Disorder
CLIA,Clinical Laboratory Improvement Amendments
CLL,Chronic Lymphocytic Leukemia
CMA,Chromosomal Microarray
CML,Chronic Myelogenous Leukemia
CMO,Comfort Measures Only
CMP,Comprehensive Metabolic Panel
CNI,CalciNeurin Inhibitor
CNO,Chronic Nonbacterial Osteomyelitis (aka CRMO)
CNS,Central Nervous System
CO,Cardiac Output
COP,Cryptogenic Organizing Pneumonia
COPD,Chronic Obstructive Pulmonary Disease
COX,Cyclooxygenase
CP/CPPS,Chronic Prostatitis/Chronic Pelvic Pain Syndrome
CPAM,Congenital Pulmonary Airway Malformation
CPAP,Continuous Positive Airway Pressure
CPOE,Computerized Provider Order Entry
CPT,Chest PhysioTherapy
CPT,Cognitive Processing Therapy 
CREST,"Calcinosis, Raynaud, Esophageal dysmotility, Sclerodactyly, Telangiectasia"
CRH,Corticotropin Releasing Hormone
CRMO,Chronic Recurrent Multifocal Osteomyelitis (aka CNO)
CRP,C-Reactive Protein
CRPP,Closed Reduction Percutaneous Pinning
CRPS,Complex Regional Pain Syndrome
CRRT,Continuous Renal Replacement Therapy
CSF,Cerebrospinal Fluid
CSF,Colony-Stimulating Factor
CSII,Cutaneous Subcutaneous Insulin Infusion
CT,Chest Tube
CT,Computed Tomography
CT,Connective Tissue
CTAB,Clear To Auscultation Bilaterally
CTL,Cytotoxic T-Lymphocyte
CTLA-4,Cytotoxic T-Lymphocyte-Associated protein 4
CTSIB,Clinical Test for Sensory Integration and Balance
CTX,Ceftriaxone
Cu-IUD,Copper-based Intrauterine Device
CVA,Cerebrovascular Accident (stroke)
CVAT,Costovertebral Angle Tenderness
CVD,Cardiovascular Disease
CVI,Cerebral Visual Impairments
CVID,Common Variable Immune Deficiency
CVP,Central Venous Pressure
CVS,Cardiovascular System
CXR,Chest X-Ray
D Exon,Diversity Exon
D/H,Discharge Home
d/o,disorder
d/t,due to
d/w,discuss with
D5W,5% dextrose in water
DA,Decision Aid
DA,Dopamine
DAD,Delayed Afterdepolarization
DAG,Diacylglycerol
DAMP,Damage Associated Molecular Pattern
DASH,Dietary Approaches to Stopping Hypertension
DAT,Direct Antiglobulin Test
DBD,Donation after Brain Death
DBP,Diastolic Blood Pressure
DBT,Dialectical Behavior Therapy
DC,Dendritic Cell
DC/ML,Dorsal Column/Medial Lemniscal
DCCT,Diabetes Control and Complications Trial
DCD,Donation after Cardiac Death
DCM,Dilated Cardiomyopathy
DDAVP,Desmopressin (1-desamino-8-D-arginine vasopressin)
DDK,Dysdiadochokinesia
DDx,Differential Diagnosis
DESD,Detrusor External Sphincter Dyssynergia
DEXA,Dual-Energy X-ray Absorptiometry
DHAP,Dihydroxyacetone Phosphate
DHT,Dihydrotestosterone
DI,Diabetes Insipidus
DICT,"Dense, Irregular, Connective Tissue"
Diff,Differential
DIP,Desquamative Interstitial Pneumonia
DIP,Distal Interphalangeal joint
DIT,diiodothyronine
DKA,Diabetic Ketoacidosis
DLBCL,Diffuse Large B-Cell Lymphoma
DLCO,Diffusing Capacity for Carbon Monoxide
DLT,Dual Lumen Tube
DM,Diabetes Mellitus
DM,Donor Milk
DMARDs,Disease-Modifying Antirheumatic Drugs
DMPA,Depot Medroxyprogesterone Acetate
DMSA,DiMercaptoSuccinic Acid (renal scan)
DNA,Deoxyribonucleic Acid
DNAR,Do Not Attempt Resuscitation
DNES,Diffuse Neuroendocrine System
DNR,Do Not Resuscitate
DOA,Dead On Arrival
DOAC,Direct Oral Anticoagulant
DOE,Disease Oriented Evidence/outcome
DOE,Dyspnea On Exertion
DOL,Day Of Life
DORV,Double Outlet Right Ventricle
DPN,Deep Peroneal Nerve
DPN,Diabetic Peripheral Neuropathy
DPOA,Durable Power of Attorney
DPP,Dipeptidyl Peptidase
DPR,Direct Peritoneal Resuscitation
DQ,Developmental Quotient
DR,Delayed Release
DRE,Digital Rectal Exam
DRG,Dorsal Root Ganglion (aka PRG)
DSD,Disorders of Sex Development
DSM,Diagnostic and Statistical Manual of Mental Disorders
DSM-5-TR,"Diagnostic and Statistical Manual of Mental Disorders, Fifth Edition, Text Revision"
DST,Dexamethasone Suppression Test
DTH,Delayed-Type Hypersensitivity
DTR,Deep Tendon Reflex
DUMBBELLS,"Diarrhea, Urination, Miosis, Bradycardia, Bronchospasm, Emesis, Lacrimation, Lethargy, and Salivation/Seizures"
DVT,Deep Vein Thrombosis
DWI,Diffusion Weighted Imaging
EAD,Early Afterdepolarization
EAEC,Enteroaggregative Escherichia coli
EBM,Evidence-Based Medicine
EBM,Expressed Breast Milk
ECBV,Effective Circulating Blood Volume
ECF,Extracellular Fluid
ECG,Electrocadiogram
Echo,Echocardiography
ECM,Extracellular Matrix
ECMO,ExtraCorporeal Membrane Oxygenation
ECPR,Extracorporeal CardioPulmonary Resuscitation
ECT,Electroconvulsive Therapy
ED,Emergency Department
ED,Erectile Dysfunction
EDPVR,End Diastolic Pressure-Volume Relationship
EDRF,Endothelial-Derived Relaxing Factor
EDS,Ehlers-Danlos Syndrome
EDV,End Diastolic Volume
EEG,Electroencephalogram
EER,Experimental Event Rate
EF,Ejection Fraction
eFAST,Extended Focused Assessment with Sonography for Trauma
EHEC,Enterohemorrhagic Escherichia coli
EHR,Electronic Health Record
EIEC,Enteroinvasive Escherichia coli
EIEE,Early Infantile Epileptic Encephalopathy
EKG,Electrocardiogram
EM,Electron Microscopy
EMDR,Eye-Movement Desensitization and Reprocessing
EMG,Electromyography
EMR,Electronic Medical Record
EMT,Epithelial-to-Mesenchymal Transition
EMTALA,Emergency Medical Treatment and Labor Act
ENS,Enteric Nervous System
EOS,Early-Onset Sepsis
EOT,End of Therapy
EPDS,Edinburgh Postnatal/Postpartum Depression Scale
EPEC,Enteropathogenic Escherichia coli
Epi,Epidemiology
Epi,Epinephrine
EPS,Extra Pyramidal Symptoms
EPSP,Excitatory Postsynaptic Potential 
EPT,Expedited Partner Therapy
ER,Emergency Room
ER,Endoplasmic Reticulum
ERT,Extubation Readiness Trial
ERV,Expiratory Reserve Volume
ESI,Emergency Severity Index
ESR,Erythrocyte Sedimentation Rate
ESRD,End-Stage Renal Disease
ESV,End Systolic Volume
ESWL,Extracorporeal Shock Wave Lithotripsy
ETC,Electron Transport Chain
ETEC,Enterotoxigenic Escherichia coli
EUA,Exam Under Anesthesia
EUS,External Urethral Sphincter
EVD,ExtraVentricular Drain
f/t/h,found to have
f/u,follow up
FA,Fascia Adherens
FAO,Fatty Acid Oxidation
FAST,Focused Assessment with Sonography for Trauma
FB,Foreign Body
FCR,Flexor Carpi Radialis
FCU,Flexor Carpi Ulnaris
FDP,Flexor Digitorum Profundus
FDS,Flexor Digitorum Superficialis
FENa,Fractional Excretion of sodium
FEV1,Forced Expiratory Volume in 1 second
FFA,Free Fatty Acids
FGF,Fibroblast Growth Factor
FGID,Functional Gastrointestinal Disorder
FH,Family History
FHx,Family History
FISH,Fluorescence in Situ Hybridization
FL,Follicular Lymphoma
FLACC,"Face, Legs, Activity, Cry, Consolability"
FMEA,Failure Modes and Effects Analysis
FND,Focal Neuro Deficits
FND,Functional Neurologic Disorder
FOB,Father of Baby
FPG,Fasting Plasma Glucose
FPIES,Food Protein-Induced Enterocolitis Syndrome
FRC,Functional Reserve Capacity
FSH,Follicular Stimulating Hormone
FT,Full Term
FVC,Forced Vital Capacity
FWF,Free Water Flushes
fx,fracture
G6P,Glucose-6-Phosphate
G6PD,Glucose-6-Phosphate Dehydrogenase
GABA,γ-Amino Butyric Acid
GAD,Generalized Anxiety Disorder
GAD-7,Generalized Anxiety Disorder 7
GAG,Glycosaminoglycans
GALT,Gut Associated Lymphatic Tissue
GAS,Group A Streptococcus
GBS,Group B Streptococcus
GC,Gonococcal
GDM,Gestational Diabetes Mellitus
GDP,Guanosine Diphosphate
GERD,GastroEsophageal Reflux Disease
GFAP,Glial Fibrillary Acidic Protein
GFP,Green Fluorescent Protein
GFR,Glomerular Filtration Rate
GH,Growth Hormone
GI,Gastrointestinal
GIP,Glucose-dependent Insulinotropic Polypeptide
GJ,Gap Junction
GLP,Glucagon-Like Peptide
GLUT,Glucose Transporter
GMFCS,Gross Motor Function Classification System
GNC,Gender-Nonconforming
GNG,Gluconeogenesis
GnRH,Gonadotropin-Releasing Hormone
GOO,Gastric Outlet Obstruction
GP,General Practitioner
GPCRs,G Protein--Coupled Receptors
GSW,Gun Shot Wound
GTP,Guanosine Triphosphate
GU,Genitourinary
GV,Growth Velocity
GxPx,"Gravidity and Parity (number of times pregnant, number of times given birth)"
H&E,Hematoxylin & Eosin staining
H&P,History & Physical
HA,Histamine
HAP,Hospital-Acquired Pneumonia
HASS,Hospital Asthma Severity Score
Hb,Hemoglobin
HBPM,Home Blood Pressure Monitoring
HBsAg,Hepatitis Surface Antigen
HC,Head Circumference
HCL,Hairy Cell Leukemia
HCM,Hypertrophic Cardiomyopathy
HCQ,Hydroxychloroquine
HCT,Hematocrit
HCT,Hydrocortisone
HCTZ,Hydrochlorothiazide
HCV,Hepatitis C Virus
HD,Hemodialysis
HDL,High-Density Lipoprotein
HDS,HemoDynamically stable
HEEADSSS,"Home, Education/Employment, Eating, Activities, Drugs, Sexuality, Suicide/Depression, and Safety"
HEENT,"Head, Ears, Eyes, Nose, Throat"
HELLP,"Hemolysis, Elevated Liver enzymes, and Low Platelet count Syndrome"
Hep,Hepatitis
HEVs,High Endothelial Venules
HFA,HydroFluoroAlkane (for inhalers)
HFE,Human Factors Engineering
HFP,Hepatic Function Panel
HFpEF,Heart Failure with preserved Ejection Fraction (diastolic heart failure)
HFrEF,Heart Failure with reduced Ejection Fraction (systolic heart failure)
HGB,Plasma Hemoglobin Concentration
HH,Hypogonadotropic Hypogonadism
HHC,Home Health Care
HHD,Hypertensive Heart Disease
HHS,Health and Human Services
HINE,Hammersmith Infant Neurologic Examination
HIPAA,Health Insurance Portability and Accountability Act
HIT,Heparin-Induced Thrombocytopenia
HIV,Human Immunodeficiency Virus
HKAFO,Hip-Knee-Ankle-Foot Orthosis
HLA,Human Leukocyte Antigen 
HLD,Hyperlipidemia
HLH,Hemophagocytic LymphoHistiocytosis
HLHS,Hypoplastic Left Heart Syndrome
HLOC,Higher Level of Care
HM,Human Milk
HME,Heat and Moisture Exchanger
HOL,Hour Of Life
HPA Axis,Hypothalamic-Pituitary-Adrenal Axis
HPETE,hydroperoxyeicosatetraenoic acid
hpf,high-power field
HPI,History of Present Illness
HPO Axis,Hypothalamus-Pituitary-Ovarian Axis
HPV,Human Papillomavirus
HR,Heart Rate
HRRR,Heart Regular Rate and Rhythm
HSC,Hematopoetic Stem Cell
HSCT,Hematopoietic Stem Cell Transplantation
HSM,Hepatosplenomegaly
HSV,Herpes Simplex Virus
HTN,Hypertension
HTS,HyperTonic Saline
HTx,Heart Transplant
I&D,Incision and Drainage
IAP,Inferior Articular Process
IBD,Irritable Bowel Disease
IBS,Irritable Bowel Syndrome
IBW,Ideal Body Weight
IC,Inspiratory Capacity
ICA,Islet Cell Antibody
ICD,Implantable Cardioverter Defibrillator
ICF,Intracellular fluid
ICH,Intracerebral Hemorrhage
ICP,Intensive Care Pediatrics
ICS,Inhaled Corticosteroid
ICS,Intercostal Space
ICU,Intensive Care Unit
IDDM,Insulin Dependent Diabetes Mellitus
IDF,Infant-Directed Feeding
IDR,Incidence Density Rate
IEP,Individualized Education Program
IESS,Infantile Epileptic Spasms Syndrome
IFG,Impaired Fasting Glucose
IGF,Insulin Growth Factor
IGR,Insulin to Glucagon Ratio
IGT,Impaired Glucose Tolerance
IHC,Immunohistochemistry
IHD,Ischemic Heart Disease
IIH,Idiopathic Intracranial Hypertension
IM,IntraMuscular
IMA,Inferior Mesenteric Artery
IMA,Intrinsic Sympathomimetic Activity
IMV,Inferior Mesenteric Vein
IN,IntraNasal
INH,Isonicotinic Acid Hydrazide (Isoniazid)
INO,Internuclear Opthalmoplegia
INR,International Normalized Ratio
IOB,Insulin On Board
IOL,Interosseous Ligament
IOP,IntraOcular Pressure
IP3,Inositol Triphosphate
IPASS,"Illness severity, Patient summary, Action list, Situation awareness and contingency planning, Synthesis by reciever"
IPF,Idiopathic Pulmonary Fibrosis
IPLOC,InPatient Level of Care
IPSP,Inhibitory Postsynaptic Potential
IR,Immediate Release
IR,Interventional Radiology
IRIS,Immune Reconstitution Inflammatory Syndrome
IRV,Inspiratory Reserve Volume
ISF,Interstitial Fluid
iso,in setting of
ITB,IntraThecal Baclofen
IUD,Intrauterine Device
IUFD,IntraUterine Fetal Demise
IUGR,Intrauterine Growth Restriction
IUS,Internal Urethral Sphincter
IV,IntraVenous
IV,Intervertebral discs
IVC,Inferior Vena Cava
IVIg,Intravenous Immunoglobulin
IVIG,Intravenous Immunoglobulin
IVMP,IV MethylPrednisolone
IVP,Intravenous Pyelogram
JIA,Juvenile Idiopathic Arthritis
JVD,Jugular Venous Distention
JVP,Jugular Venous Pressure
KD,Kawasaki Disease
KLA,Kaposiform LymphAngiomatosis
KUB,"Kidney, Ureter, and Bladder x-ray"
L1-L5,Lumbar vertebra 1-5
LA,Left Atrium
LAD,Left Anterior Descending (anterior interventricular artery)
LATCH,"Latch, Audible swallowing, Type of nipple, Comfort, Hold"
LBL,Lymphoblastic Lymphoma/Leukemia
LBW,Lean Body Weight
LCA,Left Coronary Artery
LDH,Lactate Dehydrogenase
LDL,Low-Density Lipoprotein
LES,Lower Esophageal Sphincter
LET,"Lidocaine, Epinephrine, and Tetracaine"
LFB,Luxol Fast Blue
LGA,Large for Gestational Age
LGV,Lymphogranuloma Venereum
LH,Luteinizing Hormone
LM,Light Microscopy
LMA,Laryngeal Mask Airway
LMP,Last Menstrual Period
LMW,Low-Molecular Weight (heparin)
LNG,Levonorgestrel
LOC,Loss Of Consciousness
LOPS,Loss of Protective Sensation
LPL,Lymphoplasmacytic Lymphoma
LQTS,Long QT Syndrome
LR,Likelihood Ratio
LSB,Left Sternal Border
LSC,Lung Sounds Clear
LTAC,Long-Term Acute Care
LTD,Long-Term Depression
LTG,Long-Term Goal
LTP,Long-Term Potentiation
LTR,LaryngoTracheal Reconstruction
LV,Left Ventricle
LVAD,Left Ventricular Assist Device
LVH,Left Ventricular Hypertrophy
M,Myelin sheath
M-CHAT,Modified Checklist for Autism in Toddlers
M-CSF,Macrophage Colony Stimulating Factor
m/k/d,mL/kg/day
MA,Macula Adherens
MAHA,Microangiopathic Hemolytic Anemia
MALT,Mucosal Associated Lymphoid Tissue
MAO,Monoamine Oxidase
MAOI,Monoamine Oxidase Inhibitor
MAPKs,Mitogen-Activated Protein Kinases
MAPS,MI Automated Prescription System
MAR,Medication Administration Record
MAS,Macrophage Activation Syndrome
MCH,Mean Corpuscular Hemoglobin
MCHC,Mean Corpuscular Hemoglobin Concentration
MCI,Mass Casualty Incident
MCL,Mantle Cell Lymphoma
MCL,Medial Collateral Ligament
MCL,Mid-Clavicular Line
MCP,Metacarpophalangeal
MCV,Mean Corpuscular Volume
MDD,Major Depressive Disorder
MDI,Metered Dose Inhaler
MDI,Multiple Daily Injections
MDS,Meconium Drug Screen
MetS,Metabolic Syndrome
MF,Muscle Fiber
MFF,Mycophenolate Mofetil
MFN,Muscle Fiber Nuclei
MGF,Maternal Grandfather
MGM,Maternal Grandmother
MHC,Major Histocompatibility Complex
MI,Myocardial Infarction
MIS-C,Multisystem Inflammatory Syndrome in Children
Mit,Mitochondria
MIT,monoiodothyronine
mIVF,Maintenance IV Fluids
mkd,mL/kg/day
MLF,Medial Longitudinal Fasciculus
MME,Morphine Milligram Equivalent
MMM,Moist Mucus Membranes
MMP,Matrix Metalloproteinase
MMSE,Mini-Mental Status Exam
MNT,Medical Nutrition Therapy
MOA,Mechanism of Action
MOAS,Modified Overt Aggression Scale
MODY,Maturity-Onset Diabetes in the Young
mPAS,modified Pediatric Appendicitis Score
MPH,Mid-Parental Height
MPO,myeloperoxidase
MPV,Mean Platelet Volume
MRG,"Murmurs, Rubs, or Gallops"
MRI,Magnetic Resonance Imaging
MRN,Medical Record Number 
MRSA,Methicillin-Resistant Staphylococcus aureus
MS,Morphine Sulfate
MS,Multiple Sclerosis
MSAF,Meconium-Stained Amniotic Fluid
MSE,Mental Status Examination
MSH,Melanocyte Stimulating Hormone
MSK,Musculoskeletal
MSM,Men who have Sex with Men
MSU,Monosodium Urate
MT,Microtubules
MTX,Methotrexate
MUAC,Mid Upper Arm Circumference
MV,Mitral Valve
MVA,Motor Vehicle Accident
MVC,Motor Vehicle Collision
MVI,MultiVitamin Injection
MVP,Mitral Valve Prolapse
MVP Pathway,"Motion, Vibration, and Position (DC/ML)"
MVRSA,Methicillin- and Vancomycin-Resistant Staphylococcus aureus
N/V/D,Nausea/Vomiting/Diarrhea
NABS,NormoActive Bowel Sounds
NAEO,No Acute Events Overnight
NAFLD,Non-Alcoholic Fatty Liver Disease 
NAOE,No Acute Overnight Events
NAS,Neonatal Abstinence Syndrome
NAS,Non-caloric Artificial Sweeteners
NASH,Non-Alcoholic Steatohepatitis
NAT,Non-Accidental Trauma
NAVA,Neurally Adjusted Ventilatory Assist
NB,Nota Bene (Note well)
NBS,NewBorn Screen
NCAT,NormoCephalic/Atraumatic
NCIT,Non-Contact Infrared Thermometer
NDM,Neonatal Diabetes Mellitus
NE,Narrative Exposure
NE,Norepinephrine
NEC,Necrotizing Enterocolitis
NEE,Non-Epileptic Event
NEJ,Neuroeffector Junction
NET,Narrative Exposure Therapy
NET,Norepinephrine Transporter
NFC,Neoformed Contaminants
NFP,Net Filtration Pressure
NGTD,No Growth To Date
NHANES,National Health and Nutrition Examination Survey
NIPS,Neonatal Infant Pain Scale
NIRS,Near Infrared Spectroscopy
NKA,No Known Allergies
NKDA,No Known Drug Allergies
NKR,National Kidney Registry
NKSS,Non-Keratinized Stratified Squamous
NMDA,N-methyl-D-aspartate
NMJ,Neuromuscular Junction
NMS,Neuroleptic Malignant Syndrome
NNDSS,National Notifiable Diseases Surveillance System
NNH,Numbers Needed to Harm
NNRTI,Non-Nuceloside Reverse Transcriptase Inhibitor
NNT,Numbers Needed to Treat
NO,Nitric Oxide
NORSE,New-Onset Refractory Status Epilepticus
NOS,Nitric Oxide Synthase
NOWS,Neonatal Opioid Withdrawal Syndrome
NPA,NasoPharyngeal Airway
NPi,Neurological Pupil index
NPT3,Na+-Phosphate Cotransporter 3
NRB,Non Re-Breather
NRDI,Norepinephrine-Dopamine Reuptake Inhibitor
NRS,Numerical Rating Scale
NRTI,Nuceloside Reverse Transcriptase Inhibitor
NSAID,Non-Steroidal Anti-Inflammatory Drugs
NSB,Normal Saline Bolus
NSIP,Nonspecific Interstitial Pneumonia
NSSI,Non-Suicidal Self-Injury
NSTI,Necrotizing Soft Tissue Infection
NSVD,Normal Spontaneous Vaginal Delivery
NT,Neurotransmitter
NT/ND,"Non-Tender, Non-Distended"
NTD,Nothing To Do
NTDON,Nothing To Do OverNight
NTS,Nucleus Tractus Solitarius
NURS,"Naming the Feeling/Emotion, Understanding, Respecting (Praising or Appreciating the Patient and/or Acknowledging His/Her Situation), Supporting"
NVD,"Nausea, Vomiting, and Diarrhea"
o/n,overnight
O&P,Ova & Parasites
OA,Osteoarthritis
OAB,Overactive Bladder
OAE,Otoacoustic Emission Testing
OAP,Other Active Problems
OATS,Osteochondral Autograft Transplantation System
OCD,Obsessive-Compulsive Disorder
OCD,OsteoChondritis Dissecans
ODS,Osmotic Demyelination Syndrome
OFC,Occipital Frontal Circumference
OGTT,Oral Glucose Tolerance Test
OH,Orthostatic Hypotension
OHVIRA,Obstructed HemiVagina and Ipsilateral Renal Anomaly (aka Herlyn–Werner–Wunderlich syndrome)
OI,Osteogenesis Imperfecta
OI,Oxygenation Index
OIC,Opioid Induced Constipation
OIH,Opioid-Induced Hyperalgesia/Hypersensitivity
OLD,Obstructive Lung Disease
OLV,One Lung Ventilation
OPA,OroPharyngeal Airway
OPG,Osteoprotegerin
OPIM,Other Potentially Infectious Material 
OPPQQRRST,"Onset and chronology, Position, Precipitating factors, Quality, Quantification, Radiation, Related symptoms, Setting, and Transforming factors (aggravating/alleviating)"
OR,Odds Ratio
ORIF,Open Reduction Internal Fixation
OSFED,Other Specified Feeding or Eating Disorder
OSA,Obstructive Sleep Apnea
OSH,OutSide Hospital
OT,One Touch (blood glucose meter)
OTC,Over The Counter
OTT,OroTracheal Tube
OTW,On The Way
OVN,Overnight
OXT,Oxytocin
P,Probability
p/w,presents with
PA,Posteroanterior (rays travel posterior to anterior)
PAB,Pronation Abduction
PAD,Peripheral Artery Disease
PAG,Periaqueductal Grey region
PAH,Para-aminohippurate
PAI,Plasminogen Activator Inhibitor
PAMPs,Pathogen Associated Molecular Patterns
PANDAS,Pediatric Autoimmune Neuropsychiatric Disorders Associated with Streptococcal infections
PAO,PeriAcetabular Osteotomy
PARDS,Pediatric Acute Respiratory Distress Syndrome
PARF,Population Attributable Risk Fraction
PAS,Periodic Acid-Schiff
PCA,Patient-Controlled Analgesic
PCNL,PerCutaneous NephroLithotomy
PCOS,Polycystic Ovary Syndrome
PCT,Procalcitonin
PD,Panic Disorder
PDA,Patent Ductus Arteriosus
PDA,Pathological Demand Avoidance
PDD,Persistent Depressive Disorder
PDEs,Phosphodiesterases
PDGF,Platelet-Derived Growth Factor
PDMP,Prescription Drug Management Program
PDMP,Prescription Drug Monitoring Program
PDN,Private Duty Nurse
PDW,Passive Death Wish
PE,Physical Exam
PE,Pulmonary Embolism
PEA,Pulseless Electrical Activity
PECARN,Pediatric Emergency Care Applied Research Network
PED,Pediatric Emergency Department
PEERL,Pupils Equal and Equally Reactive to Light
PEG,"Pain, Enjoyment, General activity"
PEM,Pediatric Emergency Medicine
PEP,Phosphoenolpyruvate
PEP,Positive Expiratory Pressure
PEP,Post-Exposure Prophylaxis
PER,Pronation External Rotation
PFA,Platelet Function Assay
PFO,Patent Foramen Ovale
PFT,Pulmonary Function Test
PG,Prostaglandin
PGE2,Prostaglandin E2
PGF,Paternal Grandfather
PGM,Paternal Grandmother
PHI,Protected Health Information
PHP,Pseudohypoparathyroidism
PHQ-9,Patient Health Questionnaire-9 (Depression)
PICO,"Patient/Population, Intervention, Control, Outcome"
PID,Pelvic Inflammatory Disease
PIP,Proximal Interphalangeal
PITFL,Posterior Inferior Tibiofibular Ligament
PIV,Peripheral IV
PKA,Protein Kinase A
PKC,Protein Kinase C
PKG,Protein Kinase G
PLA2,Phospholipase A2
PLC,Phospholipase C
PLEX,PLasma EXchange
PMA,Post-Menstrual Age
PMC,Pontine Micturition Center
PMD,Primary Medical Doctor
PMDD,Premenstrual Dysphoric Disorder
PMH,Past Medical History
PMHx,Past Medical History
PMI,Point of Maximum Impulse
PML,Progressive Multifocal Leukoencephalopathy
PNA,Pneumonia
PND,Paroxysmal Nocturnal Dyspnea
PNDM,Permanent Neonatal Diabetes Mellitus
PNES,Psychogenic Non-Epileptic Seizures (functional seizures)
PNMT,phenylethanolamine N-methyltransferase
PNS,Peripheral Nervous System
PNV,Pre-Natal Vitamin
po,Per Oral (by mouth)
POAL,Per Os Ad Libitum (oral intake as desired)
POCUS,Point Of Care UltraSound
POE,Patient Oriented Evidence/outcome
POMC,Pro-opiomelanocortin
PPAR-γ,Peroxisome Proliferator-Activated Receptor-Gamma
PPD,Pack Per Day (cigarettes)
PPD,Postpartum Depression
PPD,Purified Protein Derivative
PPE,Personal Protective Equipment
PPI,Proton-Pump Inhibitor
PPN,Peripheral Parenteral Nutrition
PPQRST,"Provocative factors, Palliative factors, Quality, Radiation, Severity, Timing"
PR3,Proteinase 3
PRES,Posterior Reversible Encephalopathy Syndrome
PRG,Posterior Root Ganglion
PRIME-MD,Primary Care Evaluation of Mental Disorders
PrIS,Propofol Infusion Syndrome
PRL,Prolactin
prn,Pro Re Nata (as needed)
pRBC,Packed Red Blood Cells
PROS,Psychiatric Review of Symptoms
PRP,Penicillinase-Resistant Penicillin
PRR,Pattern Recognition Receptors
PSG,Polysomnography
PSH,Past Surgical History
PSP,Penicillinase-Sensitive Penicillin
PTA,Prior to Admission
PTA,Prior To Arrival
PTD,Prior To Discharge
PTFL,Posterior Tibiofibular Ligament
PTH,Parathyroid Hormone
PTLD,Post Transplant Lymphoproliferative Disease
PTPN22,Protein Tyrosine Phosphatase Non-receptor type 22
PTSD,Post-Traumatic Stress Disorder
PTT,Partial Thromboplastin Time
PUD,Peptic Ulcer Disease
PVB,Premature Ventricular Beats
PVC,Premature Ventricular Contractions
PVL,PeriVentricular Leukomalacia
PVR,Post-Void Residual volume
PVT,Polymorphic Ventricular Tachycardia
PWS,Prader-Willi Syndrome
Px,Patient
PZ,Peripheral Zone
q12,every 12 hours
qid,Quater In Die (4 times per day)
qod,Quaque Altera Die (every other day)
RA,Rheumatoid Arthritis
RA,Right Atrium
RAAS,Renin-Angiotensin-Aldosterone System
RAG,Recombinase Activating Gene
RAGE,Receptor for Advanced Glycation End product
RANK,Receptor Activator of NF-κB
RANKL,Receptor Activator of NF-κB Ligand
rAPD,relative Afferent Pupillary Defect
RASS,Richmond Agitation-Sedation Scale
RBC,Red Blood Cell
RBC,Red Blood Cell Count
RBF,Renal Blood Flow
RBILD,Respiratory Bronchiolitis-associated Interstitial Lung Disease
RCA,Root Cause Analysis
RCM,Restrictive Cardiomyopathy
RCM,Right Costal Margin
RCT,Randomized Controlled Trial
RDS,Respiratroy Distress Syndrome
RDW,Red Cell Distribution Width
RDW,Risk Difference
REMS,Risk Evaluation and Mitigation Strategy
RER,Rough Endoplasmic Reticulum
Retic.,Reticulocyte Count
RF,Renal Failure
RF,Rheumatoid Factor
RLD,Restrictive Lung Diseases
RMP,Resting Membrane Potential
RNA,Ribonucleic Acid
ROHHAD,"Rapid-onset Obesity with Hypothalamic dysregulation, Hypoventilation, and Autonomic Dysregulation"
ROM,Range of Motion
ROM,Rupture of Membrane
ROS,Reactive Oxygen Species
ROS,Review of Systems
RR,Respiration Rate
RRB,Restricted and Repetitive Behavior
RRO,RANKL/RANK/OPG
RRR,Regular Rate and Rhythm (heart rate)
RRT,Registered Respiratory Therapist
RST,Rapid Strep Test
RTA,Ready To Admit
RTA,Renal Tubular Acidosis
RTC,Return To Clinic
RTF,Ready-To-Feed
RV,Residual Volume
RV,Respiratory Volume
RV,Right Ventricle
RVOT,Right Ventricle Outflow Tract
RVP,Respiratory Viral Panel
RVR,Rapid Ventricular Rate
Rx,Prescription
S1-S5,Sacral vertebrae 1-5
SA node,Sinoatrial node
SAD,Seasonal Affective Disorder
SAD,Supination Adduction
SAFE-T,Suicide Assessment Five-step Evaluation and Triage
SAK,Sexual Assault Kit
SAMPLE,"Signs/Symptoms, Allergies, Medications, Past medical history, Last oral intake, Events leading to the present illness/injury"
SANE,Sexual Assault Nurse Examiner
SAP,Superior Articular Process
SBAR,Situation Background Assessment Recommendation
SBI,Serious Bacterial Infection
SBP,Systolic Blood Pressure
SCD,Sudden Cardiac Death
SCFE,Slipped Capital Femoral Epiphysis
SCID,Severe Combined Immunodeficiency
SCOFF,"Sick, Control, One, Fat, Food"
SCT,Stem Cell Transplant
SEMLS,Single Event MuliLevel Surgery
SER,Supination External Rotation
SERCA,Sarcoplasmic-Endoplasmic Reticulum Ca-ATPase
SERT,Serotonin Transporter
sEVS,Spontaneous Episodic Vestibular Syndrome
SG,Specific Gravity
SGA,Small for Gestational Age
SGLT,Sodium-Glucose Linked Transporter
SH,Social History
SHOX,Short Stature Homeobox
SHx,Social History
SIADH,Syndrome of Inappropriate AntiDiuretic Hormone secretion
SIB,Self-Injurous Behavior
SIBO,Small Intestinal Bacterial Overgrowth
SIG E CAPS,"Sleep, Interest, Guilt, Energy, Concentration, Appetite, Psychomotor, Suicide"
SLAP,Superior Labrum Anterior to Posterior
SLE,Systemic Lupus Erythematosus
SLL,Small Lymphocytic Lymphoma
SLK,Simultaneous Liver Kidney
SLUDGE,"Salivation, Lacrimation, Urination, Diarrhea, Gastrointestinal distress, and Emesis"
SMA,Spinal Muscular Atrophy
SMA,Superior Mesenteric Artery
SMART,Single Maintenance And Reliever Therapy (for asthma)
SML,Splenic Marginal Zone Lymphoma
SMO,Supra Malleolar Orthosis
SMOF,"Soybean oil, Medium-chain triglycerides, Olive oil and Fish oil"
SMOG,"Saline, Mineral Oil, Glycerin (enema)"
SMR,Sexual Maturity Rating
SMR,Spinal Motion Restriction
SMV,Superior Mesenteric Vein
Sn,Sensitivity
SNF,Skilled Nursing Facility
SNHL,SensoriNeural Hearing Loss
SNRI,Selective Norepinephrine Reuptake Inhibitor
SNS,Somatic Nervous System
SNS,Sympathetic Nervous System
SOAP,"Subjective, Objective, Assessment, Plan"
SORA,Stable On Room Air
SOT,Solid Organ Transplant
Sp,Specificity
SPEP,Serum Protein Electrophoresis
SPLATT,Split Tibialis Anterior Tendon Transfer
SPOTT,Split POsterior Tibial Tendon transfer
SR,Sarcoplasmic Reticulum
SROM,Spontaneous Rupture of Membrane
SSC,Similac Special Care
SSE,Simple Stratified Epithelium
SSRI,Selective Serotonin Reuptake Inhibitor
SSS,Subclavian Steal Syndrome
SSSS,Staphylococcal Scalded Skin Syndrome
SSTI,Skin and Soft Tissue Infection
SSYCE,"Salmonella, Shigella, Yersinia, Campylobacter, and Escherichia coli"
ST,Speech Therapy
STBUR,"Snoring, Trouble Breathing, and Un-Refreshed"
STEC,Shiga toxin producing Escherichia coli
STEMI,ST Elevation Myocardial Infarction
STG,Short-Term Goal
STI,Sexually Transmitted Infection
STIR,Short-TI Inversion Recovery (MRI)
SubQ,Subcutaneous
SUD,Substance Use Disorder
SUDEP,Sudden Unexplained Death in EPilepsy
SUDs,Subjective Units of Distress Scale
SUX,Succinylcholine
SV,Stroke Volume
SVC,Slow Vital Capacity
SVC,Superior Vena Cava
SVD,Spontaneous Vaginal Delivery
SVR,Systemic Vascular Resistance
SVT,Supraventricular Tachycardia
SVW,Singh-Vaughan-Williams
sz,seizure
t/c,to consider
T1-T12,Thoracic vertebrae 1-12
T1D,Type 1 Diabetes
T1DM,Type 1 Diabetes Mellitus
T2D,Type 2 Diabetes
T2DM,Type 2 Diabetes Mellitus
T3,triiodothyronine
T4,tetraiodothyronine (thyroxine)
TAG,Triacylglycerol
TAPVR,Total Anomalous Pulmonary Venous Return
TB,Tuberculosis
TBG,Thyroid Binding Globulin
TBI,Traumatic Brain Injury
tbw,touch base with
TCA,Tricarboxylic Acid
TCA,Tricyclic Antidepressant
TCT,Thrombin Clotting Time
Tdt,Terminal deoxynucleotidyl transferase
TEE,Transesophageal Echo
TEM,Transmission Electron Microscopy 
TEN,Titanium Elastic Nail
TEN-4-FACESp,"Torso, Ears, Neck, Frenulum, Angle of the jaw, Cheeks, Eyelids or Subconjunctivae, “4” represents infants 4 months and younger with any bruise, anywhere, and “p” represents the presence of patterned bruising (acronym for remembering bruising patterns more likely related to non-accidental trauma)"
TER,Treatment Event Rate
tEVS,Triggered Episodic Vestibular Syndrome
TFG,Total Fluid Goal
TFI,Total Fluid Intake
TG,Triglyceride
TGF,Transforming Growth Factor
TIBC,Total Iron Binding Capacity
TK,Tachykinin
TKO,To Keep Open
TLC,Total Lung Capacity
TLS,Tumor Lysis Syndrome
TLSO,Thoracic-Lumbar-Sacral Orthosis
TMS,Transcranial Magnetic Stimulation
TNA,Tonsillectomy + Adenoidectomy
TNAP,Tissue Nonspecific Alkaline Phosphatase
TNDM,Transient Neonatal Diabetes Mellitus
TOA,Tubo-Ovarian Abscess
TORCH,"Toxoplasma, Other pathogens, Rubella, Cytomegalovirus, Herpes simplex virus"
TP,Threshold Potential
TPN,Total Parenteral Nutrition
TPO,Thyroid Peroxidase
TPR,Total Peripheral Resistance
TSB,Total Serum Bilirubin
TSF,Triceps Skin Fold
TSH,Thyroid Stimulating Hormone
TT,Thrombin Time
TTE,Transthoracic Echo
TTG,Tissue Transglutaminase
TTP,Tender To Palpation
TTP,Thrombotic Thrombocytopenic Purpura
TUG,Timed Get Up & Go Test
TURP,Transurethral Resection of the Prostate
Tx,Treatment
TZ,Transitional Zone
UA,Urinalysis
UDS,Urine Drug Screening
UFH,UnFractionated Heparin
UIP,Usual Interstitial Pneumonia
ULN,Upper Limit of Normal
UPD,Uniparental Disomy
UPEP,Urine Protein Electrophoresis
UPJ,UreteroPelvic Junction
UTA,Unable To Assess
UTD,Up To Date
UTI,Urinary Tract Infection
V/Q,alveolar Ventilation/perfusion
VA,VentriculoAtrial (shunt)
VAC,"Vincristine, dActinomycin, Cyclophosphamide"
VAERS,Vaccine Adverse Event Reporting System
VAP,Ventilator-Associated Pneumonia
VAS,Visual Analogue Scale
VATS,Video-Assisted ThoracoScopy
VBG,Venous Blood Gas
VC,Vital Capacity
VCUG,Vesicourethrogram
VDRL,Venereal Disease Research Laboratory
vEDS,vascular Ehlers-Danlos Syndrome (aka EDS Type IV)
VEGF,Vascular Endothelial Growth Factor
VEP,Visual Evoked Potential
VEPTR,Vertical Expandable Prosthetic Titanium Rib
VF,Ventricular Fibrillation
VFC,Vaccines for Children
VFib,Ventricular Fibrillation
VFSS,Video Fluoroscopic Swallow Study
VHD,Valvular Heart Disease
VIP,Vasoactive Intestinal Peptide
VLDL,Very-Low-Density Lipoprotein
VMAT,Vesicular Monoamine Transporter
VNS,Vagus Nerve Stimulator
VOR,Vestibuloocular Reflex
VP,VenticuloPeritoneal (shunt)
VPL,Ventral Posterolateral
VRE,Vancomycin Resistant Enterococcus
VSD,Ventricular Septal Defect
VSR,Vestibulospinal Reflex
VT,Ventricular Tachycardia
VTA,Ventral Tegmental Area
VTE,Venous Thromboembolism
WAT,Wean As Tolerated
WAT,Withdrawal Assessment Tool
WBC,White Blood Cell Count
WC,WheelChair
WES,Whole Exome Sequencing
WGS,Whole Genome Sequencing
WHO,Wrist Hand Orthosis
WN/WD,Well Nourished/Well Developed
WNL,Within Normal Limits
WPW,Wolff-Parkinson-White
XR,Extended Release
XR,X-Ray
XT,Exotropia